[{"model": "auth.permission", "pk": 1, "fields": {"name": "Can add log entry", "content_type": 1, "codename": "add_logentry"}}, {"model": "auth.permission", "pk": 2, "fields": {"name": "Can change log entry", "content_type": 1, "codename": "change_logentry"}}, {"model": "auth.permission", "pk": 3, "fields": {"name": "Can delete log entry", "content_type": 1, "codename": "delete_logentry"}}, {"model": "auth.permission", "pk": 4, "fields": {"name": "Can view log entry", "content_type": 1, "codename": "view_logentry"}}, {"model": "auth.permission", "pk": 5, "fields": {"name": "Can add permission", "content_type": 2, "codename": "add_permission"}}, {"model": "auth.permission", "pk": 6, "fields": {"name": "Can change permission", "content_type": 2, "codename": "change_permission"}}, {"model": "auth.permission", "pk": 7, "fields": {"name": "Can delete permission", "content_type": 2, "codename": "delete_permission"}}, {"model": "auth.permission", "pk": 8, "fields": {"name": "Can view permission", "content_type": 2, "codename": "view_permission"}}, {"model": "auth.permission", "pk": 9, "fields": {"name": "Can add group", "content_type": 3, "codename": "add_group"}}, {"model": "auth.permission", "pk": 10, "fields": {"name": "Can change group", "content_type": 3, "codename": "change_group"}}, {"model": "auth.permission", "pk": 11, "fields": {"name": "Can delete group", "content_type": 3, "codename": "delete_group"}}, {"model": "auth.permission", "pk": 12, "fields": {"name": "Can view group", "content_type": 3, "codename": "view_group"}}, {"model": "auth.permission", "pk": 13, "fields": {"name": "Can add content type", "content_type": 4, "codename": "add_contenttype"}}, {"model": "auth.permission", "pk": 14, "fields": {"name": "Can change content type", "content_type": 4, "codename": "change_contenttype"}}, {"model": "auth.permission", "pk": 15, "fields": {"name": "Can delete content type", "content_type": 4, "codename": "delete_contenttype"}}, {"model": "auth.permission", "pk": 16, "fields": {"name": "Can view content type", "content_type": 4, "codename": "view_contenttype"}}, {"model": "auth.permission", "pk": 17, "fields": {"name": "Can add session", "content_type": 5, "codename": "add_session"}}, {"model": "auth.permission", "pk": 18, "fields": {"name": "Can change session", "content_type": 5, "codename": "change_session"}}, {"model": "auth.permission", "pk": 19, "fields": {"name": "Can delete session", "content_type": 5, "codename": "delete_session"}}, {"model": "auth.permission", "pk": 20, "fields": {"name": "Can view session", "content_type": 5, "codename": "view_session"}}, {"model": "auth.permission", "pk": 21, "fields": {"name": "Can add user", "content_type": 6, "codename": "add_user"}}, {"model": "auth.permission", "pk": 22, "fields": {"name": "Can change user", "content_type": 6, "codename": "change_user"}}, {"model": "auth.permission", "pk": 23, "fields": {"name": "Can delete user", "content_type": 6, "codename": "delete_user"}}, {"model": "auth.permission", "pk": 24, "fields": {"name": "Can view user", "content_type": 6, "codename": "view_user"}}, {"model": "auth.permission", "pk": 25, "fields": {"name": "Can add email", "content_type": 7, "codename": "add_email"}}, {"model": "auth.permission", "pk": 26, "fields": {"name": "Can change email", "content_type": 7, "codename": "change_email"}}, {"model": "auth.permission", "pk": 27, "fields": {"name": "Can delete email", "content_type": 7, "codename": "delete_email"}}, {"model": "auth.permission", "pk": 28, "fields": {"name": "Can view email", "content_type": 7, "codename": "view_email"}}, {"model": "auth.permission", "pk": 29, "fields": {"name": "Can add user profile", "content_type": 8, "codename": "add_userprofile"}}, {"model": "auth.permission", "pk": 30, "fields": {"name": "Can change user profile", "content_type": 8, "codename": "change_userprofile"}}, {"model": "auth.permission", "pk": 31, "fields": {"name": "Can delete user profile", "content_type": 8, "codename": "delete_userprofile"}}, {"model": "auth.permission", "pk": 32, "fields": {"name": "Can view user profile", "content_type": 8, "codename": "view_userprofile"}}, {"model": "auth.permission", "pk": 33, "fields": {"name": "Can add account activation code", "content_type": 9, "codename": "add_accountactivationcode"}}, {"model": "auth.permission", "pk": 34, "fields": {"name": "Can change account activation code", "content_type": 9, "codename": "change_accountactivationcode"}}, {"model": "auth.permission", "pk": 35, "fields": {"name": "Can delete account activation code", "content_type": 9, "codename": "delete_accountactivationcode"}}, {"model": "auth.permission", "pk": 36, "fields": {"name": "Can view account activation code", "content_type": 9, "codename": "view_accountactivationcode"}}, {"model": "auth.permission", "pk": 37, "fields": {"name": "Can add order", "content_type": 10, "codename": "add_order"}}, {"model": "auth.permission", "pk": 38, "fields": {"name": "Can change order", "content_type": 10, "codename": "change_order"}}, {"model": "auth.permission", "pk": 39, "fields": {"name": "Can delete order", "content_type": 10, "codename": "delete_order"}}, {"model": "auth.permission", "pk": 40, "fields": {"name": "Can view order", "content_type": 10, "codename": "view_order"}}, {"model": "auth.permission", "pk": 41, "fields": {"name": "Can add product", "content_type": 11, "codename": "add_product"}}, {"model": "auth.permission", "pk": 42, "fields": {"name": "Can change product", "content_type": 11, "codename": "change_product"}}, {"model": "auth.permission", "pk": 43, "fields": {"name": "Can delete product", "content_type": 11, "codename": "delete_product"}}, {"model": "auth.permission", "pk": 44, "fields": {"name": "Can view product", "content_type": 11, "codename": "view_product"}}, {"model": "auth.permission", "pk": 45, "fields": {"name": "Can add order products", "content_type": 12, "codename": "add_orderproducts"}}, {"model": "auth.permission", "pk": 46, "fields": {"name": "Can change order products", "content_type": 12, "codename": "change_orderproducts"}}, {"model": "auth.permission", "pk": 47, "fields": {"name": "Can delete order products", "content_type": 12, "codename": "delete_orderproducts"}}, {"model": "auth.permission", "pk": 48, "fields": {"name": "Can view order products", "content_type": 12, "codename": "view_orderproducts"}}, {"model": "contenttypes.contenttype", "pk": 1, "fields": {"app_label": "admin", "model": "logentry"}}, {"model": "contenttypes.contenttype", "pk": 2, "fields": {"app_label": "auth", "model": "permission"}}, {"model": "contenttypes.contenttype", "pk": 3, "fields": {"app_label": "auth", "model": "group"}}, {"model": "contenttypes.contenttype", "pk": 4, "fields": {"app_label": "contenttypes", "model": "contenttype"}}, {"model": "contenttypes.contenttype", "pk": 5, "fields": {"app_label": "sessions", "model": "session"}}, {"model": "contenttypes.contenttype", "pk": 6, "fields": {"app_label": "users", "model": "user"}}, {"model": "contenttypes.contenttype", "pk": 7, "fields": {"app_label": "users", "model": "email"}}, {"model": "contenttypes.contenttype", "pk": 8, "fields": {"app_label": "users", "model": "userprofile"}}, {"model": "contenttypes.contenttype", "pk": 9, "fields": {"app_label": "users", "model": "accountactivationcode"}}, {"model": "contenttypes.contenttype", "pk": 10, "fields": {"app_label": "ecommerce", "model": "order"}}, {"model": "contenttypes.contenttype", "pk": 11, "fields": {"app_label": "ecommerce", "model": "product"}}, {"model": "contenttypes.contenttype", "pk": 12, "fields": {"app_label": "ecommerce", "model": "orderproducts"}}, {"model": "users.user", "pk": "1e7d2d27-e400-448c-a8fd-4d86cf6caa99", "fields": {"password": "pbkdf2_sha256$260000$0fZyDVtc3BsPQqnvK6iG0B$8BE1MMOzlzuOiWrSVVIVeqBHiVE8/v0r1rcZb6XEdck=", "last_login": "2021-12-16T15:43:07.040Z", "email": "bonfixn@gmail.com", "is_active": true, "is_staff": false, "is_superuser": false}}, {"model": "users.user", "pk": "868c761a-ae72-430e-af74-e6033586d869", "fields": {"password": "pbkdf2_sha256$260000$Ih2w0AqbTxEuieY6B7gUwv$1zKwPCdhqPz3/juxqopPm2wKBdXK52ToUavAfWHEI1Y=", "last_login": "2021-12-16T13:31:18.205Z", "email": "fixerex@gmail.com", "is_active": true, "is_staff": false, "is_superuser": false}}, {"model": "users.accountactivationcode", "pk": 1, "fields": {"created_at": "2021-12-14T15:57:58.323Z", "updated_at": "2021-12-14T15:57:58.323Z", "email": "fixerex@gmail.com", "verification_code": "34484", "status": 1}}, {"model": "users.accountactivationcode", "pk": 2, "fields": {"created_at": "2021-12-15T16:49:23.400Z", "updated_at": "2021-12-15T16:49:23.400Z", "email": "bonfixn@gmail.com", "verification_code": "56008", "status": 1}}, {"model": "users.accountactivationcode", "pk": 3, "fields": {"created_at": "2021-12-15T16:57:15.615Z", "updated_at": "2021-12-15T16:57:15.615Z", "email": "bonfixn@gmail.com", "verification_code": "24793", "status": 1}}, {"model": "users.accountactivationcode", "pk": 4, "fields": {"created_at": "2021-12-15T17:01:35.432Z", "updated_at": "2021-12-15T17:01:35.432Z", "email": "bonfixn@gmail.com", "verification_code": "25662", "status": 1}}, {"model": "users.accountactivationcode", "pk": 5, "fields": {"created_at": "2021-12-15T17:05:21.054Z", "updated_at": "2021-12-15T17:05:21.054Z", "email": "bonfixn@gmail.com", "verification_code": "75409", "status": 1}}, {"model": "users.accountactivationcode", "pk": 6, "fields": {"created_at": "2021-12-15T17:07:50.528Z", "updated_at": "2021-12-15T17:07:50.528Z", "email": "bonfixn@gmail.com", "verification_code": "22418", "status": 1}}, {"model": "users.accountactivationcode", "pk": 7, "fields": {"created_at": "2021-12-15T17:10:25.390Z", "updated_at": "2021-12-15T17:10:25.390Z", "email": "bonfixn@gmail.com", "verification_code": "57302", "status": 1}}, {"model": "users.accountactivationcode", "pk": 8, "fields": {"created_at": "2021-12-16T15:11:12.247Z", "updated_at": "2021-12-16T15:11:12.247Z", "email": "bonfixn@gmail.com", "verification_code": "24102", "status": 1}}, {"model": "users.accountactivationcode", "pk": 9, "fields": {"created_at": "2021-12-16T15:21:50.334Z", "updated_at": "2021-12-16T15:21:50.334Z", "email": "bonfixn@gmail.com", "verification_code": "04331", "status": 1}}, {"model": "users.accountactivationcode", "pk": 10, "fields": {"created_at": "2021-12-16T15:31:07.770Z", "updated_at": "2021-12-16T15:31:07.770Z", "email": "bonfixn@gmail.com", "verification_code": "42993", "status": 1}}, {"model": "users.accountactivationcode", "pk": 11, "fields": {"created_at": "2021-12-16T15:39:45.566Z", "updated_at": "2021-12-16T15:39:45.566Z", "email": "bonfixn@gmail.com", "verification_code": "68295", "status": 1}}, {"model": "ecommerce.product", "pk": 1, "fields": {"created_at": "2021-12-14T15:03:45.118Z", "updated_at": "2021-12-14T15:03:45.118Z", "name": "CLASSIC WATCH", "description": null, "image": "https://images.unsplash.com/photo-1495856458515-0637185db551?ixlib=rb-1.2.1&ixid=eyJhcHBfaWQiOjEyMDd9&auto=format&fit=crop&w=750&q=80", "price": "123.00", "quantity": 9, "is_active": 1}}, {"model": "ecommerce.product", "pk": 2, "fields": {"created_at": "2021-12-14T15:03:45.118Z", "updated_at": "2021-12-14T15:03:45.118Z", "name": "OLD WATCH", "description": null, "image": "https://images.unsplash.com/photo-1524592094714-0f0654e20314?ixlib=rb-1.2.1&auto=format&fit=crop&w=689&q=80", "price": "95.00", "quantity": 9, "is_active": 1}}, {"model": "ecommerce.product", "pk": 3, "fields": {"created_at": "2021-12-14T15:03:45.118Z", "updated_at": "2021-12-14T15:03:45.118Z", "name": "CLASSIC-2 WATCH", "description": null, "image": "https://images.unsplash.com/photo-1532667449560-72a95c8d381b?ixlib=rb-1.2.1&auto=format&fit=crop&w=750&q=80", "price": "125.00", "quantity": 9, "is_active": 1}}, {"model": "ecommerce.product", "pk": 4, "fields": {"created_at": "2021-12-14T15:03:45.118Z", "updated_at": "2021-12-14T15:03:45.118Z", "name": "FOSSIL WATCH", "description": null, "image": "https://images.unsplash.com/photo-1542496658-e33a6d0d50f6?ixlib=rb-1.2.1&ixid=eyJhcHBfaWQiOjEyMDd9&auto=format&fit=crop&w=750&q=80", "price": "180.00", "quantity": 9, "is_active": 1}}, {"model": "ecommerce.product", "pk": 5, "fields": {"created_at": "2021-12-14T15:03:45.118Z", "updated_at": "2021-12-14T15:03:45.118Z", "name": "BRAUN WATCH", "description": null, "image": "https://images.unsplash.com/photo-1434056886845-dac89ffe9b56?ixlib=rb-1.2.1&ixid=eyJhcHBfaWQiOjEyMDd9&auto=format&fit=crop&w=750&q=80", "price": "49.00", "quantity": 9, "is_active": 1}}, {"model": "ecommerce.product", "pk": 6, "fields": {"created_at": "2021-12-14T15:03:45.118Z", "updated_at": "2021-12-14T15:03:45.118Z", "name": "ROLEX-1 WATCH", "description": null, "image": "https://images.unsplash.com/photo-1526045431048-f857369baa09?ixlib=rb-1.2.1&auto=format&fit=crop&w=750&q=80", "price": "86.00", "quantity": 9, "is_active": 1}}, {"model": "ecommerce.product", "pk": 7, "fields": {"created_at": "2021-12-14T15:03:45.118Z", "updated_at": "2021-12-14T15:03:45.118Z", "name": "MVMTX WATCH", "description": null, "image": "https://images.unsplash.com/photo-1495857000853-fe46c8aefc30?ixlib=rb-1.2.1&ixid=eyJhcHBfaWQiOjEyMDd9&auto=format&fit=crop&w=750&q=80", "price": "100.00", "quantity": 9, "is_active": 1}}, {"model": "ecommerce.product", "pk": 8, "fields": {"created_at": "2021-12-14T15:03:45.118Z", "updated_at": "2021-12-14T15:03:45.118Z", "name": "BREITLING WATCH", "description": null, "image": "https://images.unsplash.com/photo-1444881421460-d838c3b98f95?ixlib=rb-1.2.1&ixid=eyJhcHBfaWQiOjEyMDd9&auto=format&fit=crop&w=889&q=80", "price": "180.00", "quantity": 9, "is_active": 1}}, {"model": "ecommerce.product", "pk": 9, "fields": {"created_at": "2021-12-14T15:03:45.118Z", "updated_at": "2021-12-14T15:03:45.118Z", "name": "CLASSIC-3 WATCH", "description": null, "image": "'https://images.unsplash.com/photo-1495856458515-0637185db551?ixlib=rb-1.2.1&ixid=eyJhcHBfaWQiOjEyMDd9&auto=format&fit=crop&w=750&q=80", "price": "123.00", "quantity": 9, "is_active": 1}}, {"model": "ecommerce.product", "pk": 10, "fields": {"created_at": "2021-12-14T15:03:45.118Z", "updated_at": "2021-12-14T15:03:45.118Z", "name": "OLD-2 WATCH", "description": null, "image": "https://images.unsplash.com/photo-1524592094714-0f0654e20314?ixlib=rb-1.2.1&auto=format&fit=crop&w=689&q=80", "price": "95.00", "quantity": 9, "is_active": 1}}, {"model": "ecommerce.product", "pk": 11, "fields": {"created_at": "2021-12-14T15:03:45.118Z", "updated_at": "2021-12-14T15:03:45.118Z", "name": "CLASSIC-4 WATCH", "description": null, "image": "https://images.unsplash.com/photo-1542496658-e33a6d0d50f6?ixlib=rb-1.2.1&ixid=eyJhcHBfaWQiOjEyMDd9&auto=format&fit=crop&w=750&q=80", "price": "125.00", "quantity": 9, "is_active": 1}}, {"model": "ecommerce.order", "pk": 1, "fields": {"created_at": "2021-12-16T07:32:42.754Z", "updated_at": "2021-12-16T07:32:42.801Z", "user": "868c761a-ae72-430e-af74-e6033586d869", "cost": "334.00"}}, {"model": "ecommerce.order", "pk": 2, "fields": {"created_at": "2021-12-16T13:31:25.956Z", "updated_at": "2021-12-16T13:31:26.017Z", "user": "868c761a-ae72-430e-af74-e6033586d869", "cost": "398.00"}}, {"model": "ecommerce.order", "pk": 3, "fields": {"created_at": "2021-12-16T13:33:33.976Z", "updated_at": "2021-12-16T13:33:34.020Z", "user": "868c761a-ae72-430e-af74-e6033586d869", "cost": "398.00"}}, {"model": "ecommerce.order", "pk": 4, "fields": {"created_at": "2021-12-16T13:34:24.380Z", "updated_at": "2021-12-16T13:34:24.429Z", "user": "868c761a-ae72-430e-af74-e6033586d869", "cost": "398.00"}}, {"model": "ecommerce.order", "pk": 5, "fields": {"created_at": "2021-12-16T13:37:53.101Z", "updated_at": "2021-12-16T13:37:53.141Z", "user": "868c761a-ae72-430e-af74-e6033586d869", "cost": "398.00"}}, {"model": "ecommerce.order", "pk": 6, "fields": {"created_at": "2021-12-16T13:39:19.900Z", "updated_at": "2021-12-16T13:39:19.956Z", "user": "868c761a-ae72-430e-af74-e6033586d869", "cost": "398.00"}}, {"model": "ecommerce.order", "pk": 7, "fields": {"created_at": "2021-12-16T13:52:43.673Z", "updated_at": "2021-12-16T13:52:43.709Z", "user": "868c761a-ae72-430e-af74-e6033586d869", "cost": "248.00"}}, {"model": "ecommerce.order", "pk": 8, "fields": {"created_at": "2021-12-16T13:58:05.070Z", "updated_at": "2021-12-16T13:58:05.101Z", "user": "868c761a-ae72-430e-af74-e6033586d869", "cost": "218.00"}}, {"model": "ecommerce.order", "pk": 9, "fields": {"created_at": "2021-12-16T13:58:23.783Z", "updated_at": "2021-12-16T13:58:23.829Z", "user": "868c761a-ae72-430e-af74-e6033586d869", "cost": "218.00"}}, {"model": "ecommerce.order", "pk": 10, "fields": {"created_at": "2021-12-16T14:08:16.545Z", "updated_at": "2021-12-16T14:08:16.586Z", "user": "868c761a-ae72-430e-af74-e6033586d869", "cost": "218.00"}}, {"model": "ecommerce.order", "pk": 11, "fields": {"created_at": "2021-12-16T14:13:50.847Z", "updated_at": "2021-12-16T14:13:50.875Z", "user": "868c761a-ae72-430e-af74-e6033586d869", "cost": "218.00"}}, {"model": "ecommerce.order", "pk": 12, "fields": {"created_at": "2021-12-16T14:29:29.667Z", "updated_at": "2021-12-16T14:29:29.713Z", "user": "868c761a-ae72-430e-af74-e6033586d869", "cost": "246.00"}}, {"model": "ecommerce.order", "pk": 13, "fields": {"created_at": "2021-12-16T14:56:15.146Z", "updated_at": "2021-12-16T14:56:15.173Z", "user": "868c761a-ae72-430e-af74-e6033586d869", "cost": "218.00"}}, {"model": "ecommerce.order", "pk": 14, "fields": {"created_at": "2021-12-16T15:04:56.001Z", "updated_at": "2021-12-16T15:04:56.040Z", "user": "868c761a-ae72-430e-af74-e6033586d869", "cost": "428.00"}}, {"model": "ecommerce.order", "pk": 15, "fields": {"created_at": "2021-12-16T15:47:32.506Z", "updated_at": "2021-12-16T15:47:32.575Z", "user": "1e7d2d27-e400-448c-a8fd-4d86cf6caa99", "cost": "608.00"}}, {"model": "ecommerce.orderproducts", "pk": 1, "fields": {"created_at": "2021-12-16T07:32:42.769Z", "updated_at": "2021-12-16T07:32:42.769Z", "product": 1, "order": 1, "price": "123.00", "quantity": 3}}, {"model": "ecommerce.orderproducts", "pk": 2, "fields": {"created_at": "2021-12-16T07:32:42.783Z", "updated_at": "2021-12-16T07:32:42.783Z", "product": 3, "order": 1, "price": "125.00", "quantity": 1}}, {"model": "ecommerce.orderproducts", "pk": 3, "fields": {"created_at": "2021-12-16T07:32:42.791Z", "updated_at": "2021-12-16T07:32:42.791Z", "product": 6, "order": 1, "price": "86.00", "quantity": 2}}, {"model": "ecommerce.orderproducts", "pk": 4, "fields": {"created_at": "2021-12-16T13:31:25.981Z", "updated_at": "2021-12-16T13:31:25.981Z", "product": 1, "order": 2, "price": "123.00", "quantity": 1}}, {"model": "ecommerce.orderproducts", "pk": 5, "fields": {"created_at": "2021-12-16T13:31:25.996Z", "updated_at": "2021-12-16T13:31:25.996Z", "product": 2, "order": 2, "price": "95.00", "quantity": 4}}, {"model": "ecommerce.orderproducts", "pk": 6, "fields": {"created_at": "2021-12-16T13:31:26.007Z", "updated_at": "2021-12-16T13:31:26.007Z", "product": 4, "order": 2, "price": "180.00", "quantity": 2}}, {"model": "ecommerce.orderproducts", "pk": 7, "fields": {"created_at": "2021-12-16T13:33:33.987Z", "updated_at": "2021-12-16T13:33:33.987Z", "product": 1, "order": 3, "price": "123.00", "quantity": 1}}, {"model": "ecommerce.orderproducts", "pk": 8, "fields": {"created_at": "2021-12-16T13:33:33.997Z", "updated_at": "2021-12-16T13:33:33.997Z", "product": 2, "order": 3, "price": "95.00", "quantity": 4}}, {"model": "ecommerce.orderproducts", "pk": 9, "fields": {"created_at": "2021-12-16T13:33:34.009Z", "updated_at": "2021-12-16T13:33:34.009Z", "product": 4, "order": 3, "price": "180.00", "quantity": 2}}, {"model": "ecommerce.orderproducts", "pk": 10, "fields": {"created_at": "2021-12-16T13:34:24.395Z", "updated_at": "2021-12-16T13:34:24.395Z", "product": 1, "order": 4, "price": "123.00", "quantity": 1}}, {"model": "ecommerce.orderproducts", "pk": 11, "fields": {"created_at": "2021-12-16T13:34:24.411Z", "updated_at": "2021-12-16T13:34:24.411Z", "product": 2, "order": 4, "price": "95.00", "quantity": 4}}, {"model": "ecommerce.orderproducts", "pk": 12, "fields": {"created_at": "2021-12-16T13:34:24.420Z", "updated_at": "2021-12-16T13:34:24.420Z", "product": 4, "order": 4, "price": "180.00", "quantity": 2}}, {"model": "ecommerce.orderproducts", "pk": 13, "fields": {"created_at": "2021-12-16T13:37:53.114Z", "updated_at": "2021-12-16T13:37:53.114Z", "product": 1, "order": 5, "price": "123.00", "quantity": 1}}, {"model": "ecommerce.orderproducts", "pk": 14, "fields": {"created_at": "2021-12-16T13:37:53.123Z", "updated_at": "2021-12-16T13:37:53.123Z", "product": 2, "order": 5, "price": "95.00", "quantity": 4}}, {"model": "ecommerce.orderproducts", "pk": 15, "fields": {"created_at": "2021-12-16T13:37:53.132Z", "updated_at": "2021-12-16T13:37:53.132Z", "product": 4, "order": 5, "price": "180.00", "quantity": 2}}, {"model": "ecommerce.orderproducts", "pk": 16, "fields": {"created_at": "2021-12-16T13:39:19.914Z", "updated_at": "2021-12-16T13:39:19.915Z", "product": 1, "order": 6, "price": "123.00", "quantity": 1}}, {"model": "ecommerce.orderproducts", "pk": 17, "fields": {"created_at": "2021-12-16T13:39:19.927Z", "updated_at": "2021-12-16T13:39:19.927Z", "product": 2, "order": 6, "price": "95.00", "quantity": 4}}, {"model": "ecommerce.orderproducts", "pk": 18, "fields": {"created_at": "2021-12-16T13:39:19.946Z", "updated_at": "2021-12-16T13:39:19.946Z", "product": 4, "order": 6, "price": "180.00", "quantity": 2}}, {"model": "ecommerce.orderproducts", "pk": 19, "fields": {"created_at": "2021-12-16T13:52:43.690Z", "updated_at": "2021-12-16T13:52:43.690Z", "product": 1, "order": 7, "price": "123.00", "quantity": 1}}, {"model": "ecommerce.orderproducts", "pk": 20, "fields": {"created_at": "2021-12-16T13:52:43.701Z", "updated_at": "2021-12-16T13:52:43.701Z", "product": 3, "order": 7, "price": "125.00", "quantity": 2}}, {"model": "ecommerce.orderproducts", "pk": 21, "fields": {"created_at": "2021-12-16T13:58:05.086Z", "updated_at": "2021-12-16T13:58:05.086Z", "product": 2, "order": 8, "price": "95.00", "quantity": 1}}, {"model": "ecommerce.orderproducts", "pk": 22, "fields": {"created_at": "2021-12-16T13:58:05.094Z", "updated_at": "2021-12-16T13:58:05.094Z", "product": 1, "order": 8, "price": "123.00", "quantity": 2}}, {"model": "ecommerce.orderproducts", "pk": 23, "fields": {"created_at": "2021-12-16T13:58:23.800Z", "updated_at": "2021-12-16T13:58:23.800Z", "product": 2, "order": 9, "price": "95.00", "quantity": 1}}, {"model": "ecommerce.orderproducts", "pk": 24, "fields": {"created_at": "2021-12-16T13:58:23.810Z", "updated_at": "2021-12-16T13:58:23.810Z", "product": 1, "order": 9, "price": "123.00", "quantity": 2}}, {"model": "ecommerce.orderproducts", "pk": 25, "fields": {"created_at": "2021-12-16T14:08:16.562Z", "updated_at": "2021-12-16T14:08:16.562Z", "product": 2, "order": 10, "price": "95.00", "quantity": 1}}, {"model": "ecommerce.orderproducts", "pk": 26, "fields": {"created_at": "2021-12-16T14:08:16.576Z", "updated_at": "2021-12-16T14:08:16.576Z", "product": 1, "order": 10, "price": "123.00", "quantity": 2}}, {"model": "ecommerce.orderproducts", "pk": 27, "fields": {"created_at": "2021-12-16T14:13:50.858Z", "updated_at": "2021-12-16T14:13:50.858Z", "product": 1, "order": 11, "price": "123.00", "quantity": 1}}, {"model": "ecommerce.orderproducts", "pk": 28, "fields": {"created_at": "2021-12-16T14:13:50.867Z", "updated_at": "2021-12-16T14:13:50.867Z", "product": 2, "order": 11, "price": "95.00", "quantity": 1}}, {"model": "ecommerce.orderproducts", "pk": 29, "fields": {"created_at": "2021-12-16T14:29:29.685Z", "updated_at": "2021-12-16T14:29:29.685Z", "product": 1, "order": 12, "price": "123.00", "quantity": 1}}, {"model": "ecommerce.orderproducts", "pk": 30, "fields": {"created_at": "2021-12-16T14:29:29.696Z", "updated_at": "2021-12-16T14:29:29.696Z", "product": 1, "order": 12, "price": "123.00", "quantity": 1}}, {"model": "ecommerce.orderproducts", "pk": 31, "fields": {"created_at": "2021-12-16T14:56:15.155Z", "updated_at": "2021-12-16T14:56:15.155Z", "product": 1, "order": 13, "price": "123.00", "quantity": 1}}, {"model": "ecommerce.orderproducts", "pk": 32, "fields": {"created_at": "2021-12-16T14:56:15.163Z", "updated_at": "2021-12-16T14:56:15.163Z", "product": 2, "order": 13, "price": "95.00", "quantity": 2}}, {"model": "ecommerce.orderproducts", "pk": 33, "fields": {"created_at": "2021-12-16T15:04:56.011Z", "updated_at": "2021-12-16T15:04:56.011Z", "product": 4, "order": 14, "price": "180.00", "quantity": 2}}, {"model": "ecommerce.orderproducts", "pk": 34, "fields": {"created_at": "2021-12-16T15:04:56.022Z", "updated_at": "2021-12-16T15:04:56.022Z", "product": 1, "order": 14, "price": "123.00", "quantity": 1}}, {"model": "ecommerce.orderproducts", "pk": 35, "fields": {"created_at": "2021-12-16T15:04:56.031Z", "updated_at": "2021-12-16T15:04:56.031Z", "product": 11, "order": 14, "price": "125.00", "quantity": 1}}, {"model": "ecommerce.orderproducts", "pk": 36, "fields": {"created_at": "2021-12-16T15:47:32.523Z", "updated_at": "2021-12-16T15:47:32.523Z", "product": 1, "order": 15, "price": "123.00", "quantity": 1}}, {"model": "ecommerce.orderproducts", "pk": 37, "fields": {"created_at": "2021-12-16T15:47:32.534Z", "updated_at": "2021-12-16T15:47:32.534Z", "product": 3, "order": 15, "price": "125.00", "quantity": 1}}, {"model": "ecommerce.orderproducts", "pk": 38, "fields": {"created_at": "2021-12-16T15:47:32.552Z", "updated_at": "2021-12-16T15:47:32.552Z", "product": 4, "order": 15, "price": "180.00", "quantity": 1}}, {"model": "ecommerce.orderproducts", "pk": 39, "fields": {"created_at": "2021-12-16T15:47:32.565Z", "updated_at": "2021-12-16T15:47:32.565Z", "product": 4, "order": 15, "price": "180.00", "quantity": 1}}]